<?xml version="1.0" encoding="UTF-8" ?>
<!DOCTYPE Entity SYSTEM "jbo_03_01.dtd">
<!---->
<Entity
  xmlns="http://xmlns.oracle.com/bc4j"
  Name="JobHistory"
  Version="11.1.1.55.36"
  DBObjectType="table"
  DBObjectName="JOB_HISTORY"
  AliasName="JobHistory"
  BindingStyle="OracleName"
  UseGlueCode="false"
  RowClass="tuhra.model.entities.JobHistoryImpl">
  <DesignTime>
    <AttrArray Name="_publishEvents"/>
    <Attr Name="_codeGenFlag2" Value="Access"/>
    <Attr Name="_isCodegen" Value="true"/>
  </DesignTime>
  <Attribute
    Name="EmployeeId"
    IsNotNull="true"
    Precision="6"
    Scale="0"
    ColumnName="EMPLOYEE_ID"
    SQLType="NUMERIC"
    Type="oracle.jbo.domain.Number"
    ColumnType="NUMBER"
    TableName="JOB_HISTORY"
    PrimaryKey="true">
    <DesignTime>
      <Attr Name="_DisplaySize" Value="22"/>
    </DesignTime>
  </Attribute>
  <Attribute
    Name="StartDate"
    IsNotNull="true"
    ColumnName="START_DATE"
    SQLType="TIMESTAMP"
    Type="oracle.jbo.domain.Date"
    ColumnType="DATE"
    TableName="JOB_HISTORY"
    PrimaryKey="true">
    <DesignTime>
      <Attr Name="_DisplaySize" Value="7"/>
    </DesignTime>
  </Attribute>
  <Attribute
    Name="EndDate"
    IsNotNull="true"
    ColumnName="END_DATE"
    SQLType="TIMESTAMP"
    Type="oracle.jbo.domain.Date"
    ColumnType="DATE"
    TableName="JOB_HISTORY">
    <DesignTime>
      <Attr Name="_DisplaySize" Value="7"/>
    </DesignTime>
  </Attribute>
  <Attribute
    Name="JobId"
    IsNotNull="true"
    Precision="10"
    ColumnName="JOB_ID"
    SQLType="VARCHAR"
    Type="java.lang.String"
    ColumnType="VARCHAR2"
    TableName="JOB_HISTORY">
    <DesignTime>
      <Attr Name="_DisplaySize" Value="10"/>
    </DesignTime>
  </Attribute>
  <Attribute
    Name="DepartmentId"
    Precision="4"
    Scale="0"
    ColumnName="DEPARTMENT_ID"
    SQLType="NUMERIC"
    Type="oracle.jbo.domain.Number"
    ColumnType="NUMBER"
    TableName="JOB_HISTORY">
    <DesignTime>
      <Attr Name="_DisplaySize" Value="22"/>
    </DesignTime>
  </Attribute>
  <AccessorAttribute
    Name="Employees"
    Association="tuhra.model.entities.assoc.JhistEmpFkAssoc"
    AssociationEnd="tuhra.model.entities.assoc.JhistEmpFkAssoc.Employees"
    AssociationOtherEnd="tuhra.model.entities.assoc.JhistEmpFkAssoc.JobHistory"
    Type="tuhra.model.entities.EmployeesImpl"
    IsUpdateable="true"/>
  <AccessorAttribute
    Name="Departments"
    Association="tuhra.model.entities.assoc.JhistDeptFkAssoc"
    AssociationEnd="tuhra.model.entities.assoc.JhistDeptFkAssoc.Departments"
    AssociationOtherEnd="tuhra.model.entities.assoc.JhistDeptFkAssoc.JobHistory"
    Type="tuhra.model.framework.TuhraEntityImpl"
    IsUpdateable="true"/>
  <AccessorAttribute
    Name="Jobs"
    Association="tuhra.model.entities.assoc.JhistJobFkAssoc"
    AssociationEnd="tuhra.model.entities.assoc.JhistJobFkAssoc.Jobs"
    AssociationOtherEnd="tuhra.model.entities.assoc.JhistJobFkAssoc.JobHistory"
    Type="tuhra.model.framework.TuhraEntityImpl"
    IsUpdateable="true"/>
  <Key
    Name="JhistDateInterval">
    <DesignTime>
      <Attr Name="_DBObjectName" Value="JHIST_DATE_INTERVAL"/>
      <Attr Name="_checkCondition" Value="end_date > start_date"/>
      <Attr Name="_isCheck" Value="true"/>
    </DesignTime>
    <AttrArray Name="Attributes">
      <Item Value="tuhra.model.entities.JobHistory.StartDate"/>
      <Item Value="tuhra.model.entities.JobHistory.EndDate"/>
    </AttrArray>
  </Key>
  <Key
    Name="JhistEmployeeNn">
    <DesignTime>
      <Attr Name="_DBObjectName" Value="JHIST_EMPLOYEE_NN"/>
      <Attr Name="_checkCondition" Value='"EMPLOYEE_ID" IS NOT NULL'/>
      <Attr Name="_isCheck" Value="true"/>
    </DesignTime>
    <AttrArray Name="Attributes">
      <Item Value="tuhra.model.entities.JobHistory.EmployeeId"/>
    </AttrArray>
  </Key>
  <Key
    Name="JhistEndDateNn">
    <DesignTime>
      <Attr Name="_DBObjectName" Value="JHIST_END_DATE_NN"/>
      <Attr Name="_checkCondition" Value='"END_DATE" IS NOT NULL'/>
      <Attr Name="_isCheck" Value="true"/>
    </DesignTime>
    <AttrArray Name="Attributes">
      <Item Value="tuhra.model.entities.JobHistory.EndDate"/>
    </AttrArray>
  </Key>
  <Key
    Name="JhistJobNn">
    <DesignTime>
      <Attr Name="_DBObjectName" Value="JHIST_JOB_NN"/>
      <Attr Name="_checkCondition" Value='"JOB_ID" IS NOT NULL'/>
      <Attr Name="_isCheck" Value="true"/>
    </DesignTime>
    <AttrArray Name="Attributes">
      <Item Value="tuhra.model.entities.JobHistory.JobId"/>
    </AttrArray>
  </Key>
  <Key
    Name="JhistStartDateNn">
    <DesignTime>
      <Attr Name="_DBObjectName" Value="JHIST_START_DATE_NN"/>
      <Attr Name="_checkCondition" Value='"START_DATE" IS NOT NULL'/>
      <Attr Name="_isCheck" Value="true"/>
    </DesignTime>
    <AttrArray Name="Attributes">
      <Item Value="tuhra.model.entities.JobHistory.StartDate"/>
    </AttrArray>
  </Key>
  <Key
    Name="JhistDeptFk">
    <DesignTime>
      <Attr Name="_referencedKey" Value="DEPT_ID_PK"/>
      <Attr Name="_isForeign" Value="true"/>
      <Attr Name="_DBObjectName" Value="JHIST_DEPT_FK"/>
    </DesignTime>
    <AttrArray Name="Attributes">
      <Item Value="tuhra.model.entities.JobHistory.DepartmentId"/>
    </AttrArray>
  </Key>
  <Key
    Name="JhistEmpFk">
    <DesignTime>
      <Attr Name="_referencedKey" Value="EMP_EMP_ID_PK"/>
      <Attr Name="_isForeign" Value="true"/>
      <Attr Name="_DBObjectName" Value="JHIST_EMP_FK"/>
    </DesignTime>
    <AttrArray Name="Attributes">
      <Item Value="tuhra.model.entities.JobHistory.EmployeeId"/>
    </AttrArray>
  </Key>
  <Key
    Name="JhistJobFk">
    <DesignTime>
      <Attr Name="_referencedKey" Value="JOB_ID_PK"/>
      <Attr Name="_isForeign" Value="true"/>
      <Attr Name="_DBObjectName" Value="JHIST_JOB_FK"/>
    </DesignTime>
    <AttrArray Name="Attributes">
      <Item Value="tuhra.model.entities.JobHistory.JobId"/>
    </AttrArray>
  </Key>
</Entity>
