<?xml version="1.0" encoding="UTF-8" ?>
<!DOCTYPE ViewObject SYSTEM "jbo_03_01.dtd">
<!---->
<ViewObject
  xmlns="http://xmlns.oracle.com/bc4j"
  Name="AllEmployees"
  Version="11.1.1.56.60"
  BindingStyle="OracleName"
  CustomQuery="false"
  RowClass="tuhra.model.queries.main.AllEmployeesRowImpl"
  ComponentClass="tuhra.model.queries.main.AllEmployeesImpl"
  PageIterMode="Full"
  UseGlueCode="false"
  SelectListFlags="1"
  FromListFlags="1"
  WhereFlags="1"
  SelectAllAttributes="false"
  RowInterface="tuhra.model.queries.main.common.AllEmployeesRow"
  ClientRowProxyName="tuhra.model.queries.main.client.AllEmployeesRowClient"
  ComponentInterface="tuhra.model.queries.main.common.AllEmployees"
  ClientProxyName="tuhra.model.queries.main.client.AllEmployeesClient">
  <DesignTime>
    <Attr Name="_codeGenFlag2" Value="Access|Coll|VarAccess"/>
    <Attr Name="_isCodegen" Value="true"/>
  </DesignTime>
  <Variable
    Name="RestrictEmployeeId"
    Kind="viewcriteria"
    Type="oracle.jbo.domain.Number"/>
  <ViewAccessor
    Name="DepartmentsLOVAccessor"
    ViewObjectName="tuhra.model.queries.lov.DepartmentsLOV"
    RowLevelBinds="true"/>
  <ViewAccessor
    Name="JobsLOVAccessor"
    ViewObjectName="tuhra.model.queries.lov.JobsLOV"
    RowLevelBinds="true"/>
  <ViewAccessor
    Name="FilteredManagerLOVAccessor"
    ViewObjectName="tuhra.model.queries.lov.FilteredManagerLOV">
    <ViewCriteriaUsage
      Name="FilteredManagerLOVCriteria"
      FullName="tuhra.model.queries.lov.FilteredManagerLOV.FilteredManagerLOVCriteria"/>
    <ParameterMap>
      <PIMap Variable="CurrentDepartmentId">
        <TransientExpression><![CDATA[DepartmentId]]></TransientExpression>
      </PIMap>
      <PIMap Variable="CurrentEmployeeId">
        <TransientExpression><![CDATA[EmployeeId]]></TransientExpression>
      </PIMap>
    </ParameterMap>
  </ViewAccessor>
  <ListBinding
    Name="LOV_DepartmentId"
    ListVOName="DepartmentsLOVAccessor"
    ListRangeSize="-1"
    NullValueFlag="start"
    NullValueId="LOV_DepartmentId_LOVUIHints_NullValueId"
    MRUCount="0">
    <AttrArray Name="AttrNames">
      <Item Value="DepartmentId"/>
    </AttrArray>
    <AttrArray Name="ListAttrNames">
      <Item Value="DepartmentId"/>
    </AttrArray>
    <AttrArray Name="ListDisplayAttrNames">
      <Item Value="DepartmentName"/>
    </AttrArray>
    <DisplayCriteria/>
  </ListBinding>
  <ListBinding
    Name="LOV_JobId"
    ListVOName="JobsLOVAccessor"
    ListRangeSize="-1"
    NullValueFlag="start"
    NullValueId="LOV_JobId_LOVUIHints_NullValueId"
    MRUCount="0">
    <AttrArray Name="AttrNames">
      <Item Value="JobId"/>
    </AttrArray>
    <AttrArray Name="ListAttrNames">
      <Item Value="JobId"/>
    </AttrArray>
    <AttrArray Name="ListDisplayAttrNames">
      <Item Value="JobTitle"/>
    </AttrArray>
    <DisplayCriteria/>
  </ListBinding>
  <ListBinding
    Name="LOV_ManagerId"
    ListVOName="FilteredManagerLOVAccessor"
    ListRangeSize="10"
    NullValueFlag="none"
    NullValueId="LOV_ManagerId_LOVUIHints_NullValueId"
    MRUCount="0">
    <AttrArray Name="AttrNames">
      <Item Value="ManagerId"/>
    </AttrArray>
    <AttrArray Name="DerivedAttrNames">
      <Item Value="ManagerFirstName"/>
      <Item Value="ManagerLastName"/>
    </AttrArray>
    <AttrArray Name="ListAttrNames">
      <Item Value="EmployeeId"/>
      <Item Value="FirstName"/>
      <Item Value="LastName"/>
    </AttrArray>
    <AttrArray Name="ListDisplayAttrNames">
      <Item Value="LastName"/>
      <Item Value="FirstName"/>
    </AttrArray>
    <DisplayCriteria
      Hint="showAndExecute"/>
  </ListBinding>
  <EntityUsage
    Name="Employees"
    Entity="tuhra.model.entities.Employees"/>
  <EntityUsage
    Name="Jobs"
    Entity="tuhra.model.entities.Jobs"
    Association="tuhra.model.entities.assoc.EmpJobFkAssoc"
    AssociationEnd="tuhra.model.entities.assoc.EmpJobFkAssoc.Jobs"
    SourceUsage="tuhra.model.queries.main.AllEmployees.Employees"
    ReadOnly="true"
    Reference="true"
    DeleteParticipant="false"
    JoinType="INNER JOIN">
    <DesignTime>
      <AttrArray Name="_srcAttributes">
        <Item Value="tuhra.model.entities.Employees.JobId"/>
      </AttrArray>
      <AttrArray Name="_dstAttributes">
        <Item Value="tuhra.model.entities.Jobs.JobId"/>
      </AttrArray>
    </DesignTime>
  </EntityUsage>
  <EntityUsage
    Name="Manager"
    Entity="tuhra.model.entities.Employees"
    Association="tuhra.model.entities.assoc.EmpManagerFkAssoc"
    AssociationEnd="tuhra.model.entities.assoc.EmpManagerFkAssoc.ManagerIdEmployees"
    SourceUsage="tuhra.model.queries.main.AllEmployees.Employees"
    ReadOnly="true"
    Reference="true"
    DeleteParticipant="false"
    JoinType="LEFT OUTER JOIN">
    <DesignTime>
      <AttrArray Name="_srcAttributes">
        <Item Value="tuhra.model.entities.Employees.ManagerId"/>
      </AttrArray>
      <AttrArray Name="_dstAttributes">
        <Item Value="tuhra.model.entities.Employees.EmployeeId"/>
      </AttrArray>
    </DesignTime>
  </EntityUsage>
  <EntityUsage
    Name="EmployeeImageUsages"
    Entity="tuhra.model.entities.EmployeeImageUsages"
    Association="tuhra.model.entities.assoc.EmployeeImageUsagesAssoc"
    AssociationEnd="tuhra.model.entities.assoc.EmployeeImageUsagesAssoc.EmployeeImageUsages"
    SourceUsage="tuhra.model.queries.main.AllEmployees.Employees"
    ReadOnly="true"
    Reference="true"
    DeleteParticipant="false"
    JoinType="LEFT OUTER JOIN">
    <DesignTime>
      <AttrArray Name="_srcAttributes">
        <Item Value="tuhra.model.entities.Employees.EmployeeId"/>
      </AttrArray>
      <AttrArray Name="_dstAttributes">
        <Item Value="tuhra.model.entities.ImageUsages.AssociatedId"/>
      </AttrArray>
    </DesignTime>
  </EntityUsage>
  <EntityUsage
    Name="Images"
    Entity="tuhra.model.entities.Images"
    Association="tuhra.model.entities.assoc.ImageUsagesImagesFkAssoc"
    AssociationEnd="tuhra.model.entities.assoc.ImageUsagesImagesFkAssoc.Images"
    SourceUsage="tuhra.model.queries.main.AllEmployees.EmployeeImageUsages"
    ReadOnly="true"
    Reference="true"
    DeleteParticipant="false"
    JoinType="LEFT OUTER JOIN">
    <DesignTime>
      <AttrArray Name="_srcAttributes">
        <Item Value="tuhra.model.entities.ImageUsages.ImageId"/>
      </AttrArray>
      <AttrArray Name="_dstAttributes">
        <Item Value="tuhra.model.entities.Images.ImageId"/>
      </AttrArray>
    </DesignTime>
  </EntityUsage>
  <ViewAttribute
    Name="EmployeeId"
    IsUpdateable="while_insert"
    PrecisionRule="true"
    EntityAttrName="EmployeeId"
    EntityUsage="Employees"
    AliasName="EMPLOYEE_ID"/>
  <ViewAttribute
    Name="FirstName"
    PrecisionRule="true"
    EntityAttrName="FirstName"
    EntityUsage="Employees"
    AliasName="FIRST_NAME"/>
  <ViewAttribute
    Name="LastName"
    IsNotNull="true"
    PrecisionRule="true"
    EntityAttrName="LastName"
    EntityUsage="Employees"
    AliasName="LAST_NAME"/>
  <ViewAttribute
    Name="Email"
    IsUnique="true"
    IsNotNull="true"
    PrecisionRule="true"
    EntityAttrName="Email"
    EntityUsage="Employees"
    AliasName="EMAIL"/>
  <ViewAttribute
    Name="PhoneNumber"
    PrecisionRule="true"
    EntityAttrName="PhoneNumber"
    EntityUsage="Employees"
    AliasName="PHONE_NUMBER"/>
  <ViewAttribute
    Name="JobId"
    LOVName="LOV_JobId"
    IsNotNull="true"
    PrecisionRule="true"
    EntityAttrName="JobId"
    EntityUsage="Employees"
    AliasName="JOB_ID">
    <Properties>
      <SchemaBasedProperties>
        <CONTROLTYPE
          Value="choice"/>
      </SchemaBasedProperties>
    </Properties>
  </ViewAttribute>
  <ViewAttribute
    Name="JobsJobId"
    IsUpdateable="false"
    IsNotNull="true"
    PrecisionRule="true"
    EntityAttrName="JobId"
    EntityUsage="Jobs"
    AliasName="JOB_ID1"/>
  <ViewAttribute
    Name="JobTitle"
    IsNotNull="true"
    PrecisionRule="true"
    EntityAttrName="JobTitle"
    EntityUsage="Jobs"
    AliasName="JOB_TITLE"/>
  <ViewAttribute
    Name="CreatedBy"
    IsUpdateable="false"
    IsNotNull="true"
    PrecisionRule="true"
    EntityAttrName="CreatedBy"
    EntityUsage="Employees"
    AliasName="CREATED_BY"/>
  <ViewAttribute
    Name="CreatedDate"
    IsUpdateable="false"
    IsNotNull="true"
    PrecisionRule="true"
    EntityAttrName="CreatedDate"
    EntityUsage="Employees"
    AliasName="CREATED_DATE"/>
  <ViewAttribute
    Name="Salary"
    PrecisionRule="true"
    EntityAttrName="Salary"
    EntityUsage="Employees"
    AliasName="SALARY"/>
  <ViewAttribute
    Name="CommissionPct"
    PrecisionRule="true"
    EntityAttrName="CommissionPct"
    EntityUsage="Employees"
    AliasName="COMMISSION_PCT"/>
  <ViewAttribute
    Name="ModifiedDate"
    IsUpdateable="false"
    PrecisionRule="true"
    EntityAttrName="ModifiedDate"
    EntityUsage="Employees"
    AliasName="MODIFIED_DATE"/>
  <ViewAttribute
    Name="ManagerId"
    LOVName="LOV_ManagerId"
    PrecisionRule="true"
    EntityAttrName="ManagerId"
    EntityUsage="Employees"
    AliasName="MANAGER_ID">
    <Properties>
      <SchemaBasedProperties>
        <CONTROLTYPE
          Value="combo_lov"/>
      </SchemaBasedProperties>
    </Properties>
  </ViewAttribute>
  <ViewAttribute
    Name="ModifiedBy"
    IsUpdateable="false"
    PrecisionRule="true"
    EntityAttrName="ModifiedBy"
    EntityUsage="Employees"
    AliasName="MODIFIED_BY"/>
  <ViewAttribute
    Name="DepartmentId"
    LOVName="LOV_DepartmentId"
    PrecisionRule="true"
    EntityAttrName="DepartmentId"
    EntityUsage="Employees"
    AliasName="DEPARTMENT_ID">
    <Properties>
      <SchemaBasedProperties>
        <CONTROLTYPE
          Value="choice"/>
      </SchemaBasedProperties>
    </Properties>
  </ViewAttribute>
  <ViewAttribute
    Name="HireDate"
    IsNotNull="true"
    PrecisionRule="true"
    EntityAttrName="HireDate"
    EntityUsage="Employees"
    AliasName="HIRE_DATE"/>
  <ViewAttribute
    Name="EmployeeId1"
    IsUpdateable="while_insert"
    PrecisionRule="true"
    EntityAttrName="EmployeeId"
    EntityUsage="Manager"
    AliasName="EMPLOYEE_ID1"/>
  <ViewAttribute
    Name="ManagerLastName"
    IsNotNull="true"
    PrecisionRule="true"
    EntityAttrName="LastName"
    EntityUsage="Manager"
    AliasName="MANAGER_LAST_NAME"
    IsUpdateable="false"/>
  <ViewAttribute
    Name="ManagerFirstName"
    PrecisionRule="true"
    EntityAttrName="FirstName"
    EntityUsage="Manager"
    AliasName="MANAGER_FIRST_NAME"
    IsUpdateable="false"/>
  <ViewAttribute
    Name="Image"
    IsNotNull="true"
    PrecisionRule="true"
    EntityAttrName="Image"
    EntityUsage="Images"
    AliasName="IMAGE"/>
  <ViewAttribute
    Name="ImageId"
    IsUpdateable="while_insert"
    PrecisionRule="true"
    EntityAttrName="ImageId"
    EntityUsage="Images"
    AliasName="IMAGE_ID"/>
  <ViewAttribute
    Name="DefaultImage"
    IsNotNull="true"
    PrecisionRule="true"
    EntityAttrName="DefaultImage"
    EntityUsage="EmployeeImageUsages"
    AliasName="DEFAULT_IMAGE"/>
  <ViewAttribute
    Name="ImageId1"
    IsNotNull="true"
    PrecisionRule="true"
    EntityAttrName="ImageId"
    EntityUsage="EmployeeImageUsages"
    AliasName="IMAGE_ID1"/>
  <ViewAttribute
    Name="UsageType"
    IsNotNull="true"
    PrecisionRule="true"
    DiscrColumn="true"
    EntityAttrName="UsageType"
    EntityUsage="EmployeeImageUsages"
    AliasName="USAGE_TYPE"/>
  <ViewAttribute
    Name="AssociatedId"
    IsNotNull="true"
    PrecisionRule="true"
    EntityAttrName="AssociatedId"
    EntityUsage="EmployeeImageUsages"
    AliasName="ASSOCIATED_ID"/>
  <ViewCriteria
    Name="EmployeeByIdCriteria"
    ViewObjectName="tuhra.model.queries.main.AllEmployees"
    Conjunction="AND">
    <Properties>
      <CustomProperties>
        <Property
          Name="displayOperators"
          Value="InAdvancedMode"/>
        <Property
          Name="autoExecute"
          Value="false"/>
        <Property
          Name="allowConjunctionOverride"
          Value="true"/>
        <Property
          Name="showInList"
          Value="true"/>
        <Property
          Name="mode"
          Value="Basic"/>
      </CustomProperties>
    </Properties>
    <ViewCriteriaRow
      Name="vcrow17"
      UpperColumns="1">
      <ViewCriteriaItem
        Name="EmployeeId"
        ViewAttribute="EmployeeId"
        Operator="="
        Conjunction="AND"
        Value=":RestrictEmployeeId"
        GenerateIsNullClauseForBindVars="false"
        ValidateBindVars="true"
        IsBindVarValue="true"
        Required="Required"/>
    </ViewCriteriaRow>
  </ViewCriteria>
  <AttrArray Name="KeyAttributes">
    <Item Value="EmployeeId"/>
  </AttrArray>
  <ViewLinkAccessor
    Name="AllJobHistory"
    ViewLink="tuhra.model.queries.main.EmployeeJobHistoryVL"
    Type="oracle.jbo.RowIterator"
    IsUpdateable="false"/>
  <ViewLinkAccessor
    Name="EmployeeBio"
    ViewLink="tuhra.model.queries.main.EmployeeBioVL"
    Type="oracle.jbo.RowIterator"
    IsUpdateable="false"/>
  <ViewLinkAccessor
    Name="AllEmployeeImages"
    ViewLink="tuhra.model.queries.main.EmployeeImagesVL"
    Type="oracle.jbo.RowIterator"
    IsUpdateable="false"/>
  <ResourceBundle>
    <PropertiesBundle
      PropertiesFile="tuhra.model.queries.main.common.AllEmployeesMsgBundle"/>
  </ResourceBundle>
  <SortCriteria>
    <Sort
      Attribute="LastName"/>
    <Sort
      Attribute="FirstName"/>
  </SortCriteria>
  <DeclarativeWhereClause
    Name="DeclarativeWhereClause">
    <ViewCriteria
      Name="AllEmployeesWhereCriteria"
      ViewObjectName="tuhra.model.queries.main.AllEmployees"
      Conjunction="AND"
      Mode="3">
      <ViewCriteriaRow
        Name="vcrow6"
        UpperColumns="1">
        <ViewCriteriaItemCompound
          ViewAttribute="DefaultImage">
          <ViewCriteria
            Name="AllEmployeesWhereCriteria_vcrow6_DefaultImage_itemHolder"
            ViewObjectName="tuhra.model.queries.main.AllEmployees"
            Conjunction="OR">
            <ViewCriteriaRow
              Name="vcrow9"
              Conjunction="AND"/>
            <ViewCriteriaRow
              Name="vcrow10"
              Conjunction="OR"/>
          </ViewCriteria>
        </ViewCriteriaItemCompound>
      </ViewCriteriaRow>
    </ViewCriteria>
  </DeclarativeWhereClause>
  <ClientRowInterface>
    <Method
      Name="defineDefaultImage">
      <Return
        Type="void"/>
      <Parameter
        Name="newDefaultImageId"
        Type="oracle.jbo.domain.Number"/>
    </Method>
  </ClientRowInterface>
  <ClientInterface>
    <Method
      Name="queryEmployeeById">
      <Return
        Type="void"/>
      <Parameter
        Name="id"
        Type="oracle.jbo.domain.Number"/>
    </Method>
  </ClientInterface>
</ViewObject>
