<?xml version="1.0" encoding="UTF-8" ?>
<!DOCTYPE ViewObject SYSTEM "jbo_03_01.dtd">
<!---->
<ViewObject
  xmlns="http://xmlns.oracle.com/bc4j"
  Name="AllJobHistory"
  Version="11.1.1.55.36"
  SelectList="JobHistory.EMPLOYEE_ID, 
       JobHistory.START_DATE, 
       JobHistory.END_DATE, 
       JobHistory.JOB_ID, 
       JobHistory.DEPARTMENT_ID, 
       Departments.DEPARTMENT_NAME, 
       Departments.DEPARTMENT_ID AS DEPARTMENT_ID1, 
       Jobs.JOB_TITLE, 
       Jobs.JOB_ID AS JOB_ID1"
  FromList="JOB_HISTORY JobHistory, DEPARTMENTS Departments, JOBS Jobs"
  BindingStyle="OracleName"
  CustomQuery="false"
  RowClass="tuhra.model.framework.TuhraViewRowImpl"
  ComponentClass="tuhra.model.framework.TuhraViewObjectImpl"
  PageIterMode="Full"
  UseGlueCode="false"
  Where="(JobHistory.DEPARTMENT_ID = Departments.DEPARTMENT_ID) AND (JobHistory.JOB_ID = Jobs.JOB_ID)"
  OrderBy="JobHistory.START_DATE DESC">
  <DesignTime>
    <Attr Name="_codeGenFlag2" Value="Access|VarAccess"/>
  </DesignTime>
  <EntityUsage
    Name="JobHistory"
    Entity="tuhra.model.entities.JobHistory"/>
  <EntityUsage
    Name="Departments"
    Entity="tuhra.model.entities.Departments"
    Association="tuhra.model.entities.assoc.JhistDeptFkAssoc"
    AssociationEnd="tuhra.model.entities.assoc.JhistDeptFkAssoc.Departments"
    SourceUsage="tuhra.model.queries.main.AllJobHistory.JobHistory"
    ReadOnly="true"
    Reference="true"
    DeleteParticipant="false"
    JoinType="INNER JOIN">
    <DesignTime>
      <AttrArray Name="_srcAttributes">
        <Item Value="tuhra.model.entities.JobHistory.DepartmentId"/>
      </AttrArray>
      <AttrArray Name="_dstAttributes">
        <Item Value="tuhra.model.entities.Departments.DepartmentId"/>
      </AttrArray>
    </DesignTime>
  </EntityUsage>
  <EntityUsage
    Name="Jobs"
    Entity="tuhra.model.entities.Jobs"
    Association="tuhra.model.entities.assoc.JhistJobFkAssoc"
    AssociationEnd="tuhra.model.entities.assoc.JhistJobFkAssoc.Jobs"
    SourceUsage="tuhra.model.queries.main.AllJobHistory.JobHistory"
    ReadOnly="true"
    Reference="true"
    DeleteParticipant="false"
    JoinType="INNER JOIN">
    <DesignTime>
      <AttrArray Name="_srcAttributes">
        <Item Value="tuhra.model.entities.JobHistory.JobId"/>
      </AttrArray>
      <AttrArray Name="_dstAttributes">
        <Item Value="tuhra.model.entities.Jobs.JobId"/>
      </AttrArray>
    </DesignTime>
  </EntityUsage>
  <ViewAttribute
    Name="EmployeeId"
    IsNotNull="true"
    PrecisionRule="true"
    EntityAttrName="EmployeeId"
    EntityUsage="JobHistory"
    AliasName="EMPLOYEE_ID"/>
  <ViewAttribute
    Name="StartDate"
    IsNotNull="true"
    PrecisionRule="true"
    EntityAttrName="StartDate"
    EntityUsage="JobHistory"
    AliasName="START_DATE"/>
  <ViewAttribute
    Name="EndDate"
    IsNotNull="true"
    PrecisionRule="true"
    EntityAttrName="EndDate"
    EntityUsage="JobHistory"
    AliasName="END_DATE"/>
  <ViewAttribute
    Name="JobId"
    IsNotNull="true"
    PrecisionRule="true"
    EntityAttrName="JobId"
    EntityUsage="JobHistory"
    AliasName="JOB_ID"/>
  <ViewAttribute
    Name="DepartmentId"
    PrecisionRule="true"
    EntityAttrName="DepartmentId"
    EntityUsage="JobHistory"
    AliasName="DEPARTMENT_ID"/>
  <ViewAttribute
    Name="DepartmentName"
    IsNotNull="true"
    PrecisionRule="true"
    EntityAttrName="DepartmentName"
    EntityUsage="Departments"
    AliasName="DEPARTMENT_NAME"/>
  <ViewAttribute
    Name="DepartmentId1"
    IsNotNull="true"
    PrecisionRule="true"
    EntityAttrName="DepartmentId"
    EntityUsage="Departments"
    AliasName="DEPARTMENT_ID1"/>
  <ViewAttribute
    Name="JobTitle"
    IsNotNull="true"
    PrecisionRule="true"
    EntityAttrName="JobTitle"
    EntityUsage="Jobs"
    AliasName="JOB_TITLE"/>
  <ViewAttribute
    Name="JobId1"
    IsNotNull="true"
    PrecisionRule="true"
    EntityAttrName="JobId"
    EntityUsage="Jobs"
    AliasName="JOB_ID1"/>
  <AttrArray Name="KeyAttributes">
    <Item Value="EmployeeId"/>
    <Item Value="StartDate"/>
  </AttrArray>
</ViewObject>
