<?xml version="1.0" encoding="UTF-8" ?>
<!DOCTYPE ViewLink SYSTEM "jbo_03_01.dtd">
<!---->
<ViewLink
  xmlns="http://xmlns.oracle.com/bc4j"
  Name="EmployeeBioVL"
  Version="11.1.1.55.36"
  EntityAssociation="tuhra.model.entities.assoc.BiographiesEmployeesFkAssoc">
  <DesignTime>
    <Attr Name="_isCodegen" Value="true"/>
  </DesignTime>
  <ViewLinkDefEnd
    Name="AllEmployees"
    Cardinality="1"
    Owner="tuhra.model.queries.main.AllEmployees"
    Source="true">
    <DesignTime>
      <Attr Name="_finderName" Value="AllEmployees"/>
      <Attr Name="_isUpdateable" Value="true"/>
      <Attr Name="_minCardinality" Value="1"/>
    </DesignTime>
    <AttrArray Name="Attributes">
      <Item Value="tuhra.model.queries.main.AllEmployees.EmployeeId"/>
    </AttrArray>
  </ViewLinkDefEnd>
  <ViewLinkDefEnd
    Name="EmployeeBio"
    Cardinality="-1"
    Owner="tuhra.model.queries.main.EmployeeBio">
    <DesignTime>
      <Attr Name="_finderName" Value="EmployeeBio"/>
      <Attr Name="_isUpdateable" Value="true"/>
    </DesignTime>
    <AttrArray Name="Attributes">
      <Item Value="tuhra.model.queries.main.EmployeeBio.EmployeeId"/>
    </AttrArray>
  </ViewLinkDefEnd>
</ViewLink>
