<?xml version="1.0" encoding="UTF-8" ?>
<!DOCTYPE ViewLink SYSTEM "jbo_03_01.dtd">
<!---->
<ViewLink
  xmlns="http://xmlns.oracle.com/bc4j"
  Name="JhistDeptFkLink"
  Version="11.1.1.55.36"
  EntityAssociation="tuhra.model.entities.assoc.JhistDeptFkAssoc">
  <DesignTime>
    <Attr Name="_isCodegen" Value="true"/>
  </DesignTime>
  <ViewLinkDefEnd
    Name="DepartmentsList"
    Cardinality="1"
    Owner="tuhra.model.queries.main.DepartmentsList"
    Source="true">
    <DesignTime>
      <Attr Name="_finderName" Value="DepartmentsList"/>
      <Attr Name="_isUpdateable" Value="true"/>
    </DesignTime>
    <AttrArray Name="Attributes">
      <Item Value="tuhra.model.queries.main.DepartmentsList.DepartmentId"/>
    </AttrArray>
  </ViewLinkDefEnd>
  <ViewLinkDefEnd
    Name="AllJobHistory"
    Cardinality="-1"
    Owner="tuhra.model.queries.main.AllJobHistory">
    <DesignTime>
      <Attr Name="_finderName" Value="AllJobHistory"/>
      <Attr Name="_isUpdateable" Value="true"/>
    </DesignTime>
    <AttrArray Name="Attributes">
      <Item Value="tuhra.model.queries.main.AllJobHistory.DepartmentId"/>
    </AttrArray>
  </ViewLinkDefEnd>
</ViewLink>
