<?xml version='1.0' encoding='utf-8'?>
<jazn-data>
    <jazn-realm default="jazn.com">
        <realm>
            <name>jazn.com</name>
            <users>
                <user>
                    <name>TFOX</name>
                    <guid>0C6974601AD811DF9F3BAFB83B2FC06E</guid>
                    <credentials>{903}noVEyGdGnKSUR7wXaumEDgI+Q77+/C1H4sULHwr0Ulw=</credentials>
                </user>
                <user>
                    <name>NKOCHHAR</name>
                    <guid>0C6974611AD811DF9F3BAFB83B2FC06E</guid>
                    <credentials>{903}NgANVVVkHt1b7P+kV2Tfpayr1T6H1mTAYWdODWNChCE=</credentials>
                </user>
                <user>
                    <name>CDAVIES</name>
                    <guid>0C6974621AD811DF9F3BAFB83B2FC06E</guid>
                    <credentials>{903}P9IGyP7i5nGLO4vY6DlK7HBzo9M6AkJ+zw0Z+3bKI5U=</credentials>
                </user>
            </users>
            <roles>
                <role>
                    <name>cs_user</name>
                    <guid>B9E1CC11A1F011DF9F54FBB648BE4E34</guid>
                    <members>
                        <member>
                            <type>user</type>
                            <name>CDAVIES</name>
                        </member>
                    </members>
                </role>
                <role>
                    <name>cs_admin</name>
                    <guid>B9E43D10A1F011DF9F54FBB648BE4E34</guid>
                    <members>
                        <member>
                            <type>user</type>
                            <name>TFOX</name>
                        </member>
                    </members>
                </role>
                <role>
                    <name>cs_manager</name>
                    <guid>B9E43D11A1F011DF9F54FBB648BE4E34</guid>
                    <members>
                        <member>
                            <type>user</type>
                            <name>NKOCHHAR</name>
                        </member>
                    </members>
                </role>
            </roles>
        </realm>
    </jazn-realm>
    <policy-store>
        <applications>
            <application>
                <name>tuhra2</name>
                <app-roles>
                    <app-role>
                        <name>user</name>
                        <class>oracle.security.jps.service.policystore.ApplicationRole</class>
                        <members>
                            <member>
                                <class>oracle.security.jps.internal.core.principals.JpsXmlEnterpriseRoleImpl</class>
                                <name>cs_user</name>
                            </member>
                            <member>
                                <class>oracle.security.jps.internal.core.principals.JpsXmlEnterpriseRoleImpl</class>
                                <name>cs_manager</name>
                            </member>
                            <member>
                                <class>oracle.security.jps.internal.core.principals.JpsXmlEnterpriseRoleImpl</class>
                                <name>cs_admin</name>
                            </member>
                        </members>
                    </app-role>
                    <app-role>
                        <name>manager</name>
                        <class>oracle.security.jps.service.policystore.ApplicationRole</class>
                        <members>
                            <member>
                                <class>oracle.security.jps.internal.core.principals.JpsXmlEnterpriseRoleImpl</class>
                                <name>cs_manager</name>
                            </member>
                            <member>
                                <class>oracle.security.jps.internal.core.principals.JpsXmlEnterpriseRoleImpl</class>
                                <name>cs_admin</name>
                            </member>
                        </members>
                    </app-role>
                    <app-role>
                        <name>admin</name>
                        <class>oracle.security.jps.service.policystore.ApplicationRole</class>
                        <members>
                            <member>
                                <class>oracle.security.jps.internal.core.principals.JpsXmlEnterpriseRoleImpl</class>
                                <name>cs_admin</name>
                            </member>
                        </members>
                    </app-role>
                </app-roles>
                <jazn-policy>
                    <grant>
                        <grantee>
                            <principals>
                                <principal>
                                    <class>oracle.security.jps.internal.core.principals.JpsAnonymousRoleImpl</class>
                                    <name>anonymous-role</name>
                                </principal>
                            </principals>
                        </grantee>
                        <permissions>
                            <permission>
                                <class>oracle.adf.share.security.authorization.RegionPermission</class>
                                <name>tuhra.view.pageDefs.employeeSearchPageDef</name>
                                <actions>view</actions>
                            </permission>
                            <permission>
                                <class>oracle.adf.controller.security.TaskFlowPermission</class>
                                <name>/WEB-INF/searchEmployees-flow.xml#searchEmployees-flow</name>
                                <actions>view</actions>
                            </permission>
                            <permission>
                                <class>oracle.adf.controller.security.TaskFlowPermission</class>
                                <name>/WEB-INF/departmentTree-flow.xml#departmentTree-flow</name>
                                <actions>view</actions>
                            </permission>
                        </permissions>
                        <permission-set-refs>
                        </permission-set-refs>
                    </grant>
                    <grant>
                        <grantee>
                            <principals>
                                <principal>
                                    <class>oracle.security.jps.service.policystore.ApplicationRole</class>
                                    <name>user</name>
                                </principal>
                            </principals>
                        </grantee>
                        <permissions>
                            <permission>
                                <class>oracle.adf.share.security.authorization.RegionPermission</class>
                                <name>tuhra.view.pageDefs.employeeEditPageDef</name>
                                <actions>view</actions>
                            </permission>
                            <permission>
                                <class>oracle.adf.controller.security.TaskFlowPermission</class>
                                <name>/WEB-INF/imageLOV-flow.xml#imageLOV-flow</name>
                                <actions>view</actions>
                            </permission>
                            <permission>
                                <class>oracle.adf.controller.security.TaskFlowPermission</class>
                                <name>/WEB-INF/editEmployee-flow.xml#editEmployee-flow</name>
                                <actions>view</actions>
                            </permission>
                        </permissions>
                        <permission-set-refs>
                        </permission-set-refs>
                    </grant>
                    <grant>
                        <grantee>
                            <principals>
                                <principal>
                                    <class>oracle.security.jps.service.policystore.ApplicationRole</class>
                                    <name>admin</name>
                                </principal>
                            </principals>
                        </grantee>
                        <permissions>
                            <permission>
                                <class>oracle.adf.controller.security.TaskFlowPermission</class>
                                <name>/WEB-INF/management-flow.xml#management-flow</name>
                                <actions>view</actions>
                            </permission>
                        </permissions>
                        <permission-set-refs>
                        </permission-set-refs>
                    </grant>
                </jazn-policy>
            </application>
        </applications>
    </policy-store>
    <jazn-policy>
    </jazn-policy>
</jazn-data>

