<?xml version="1.0" encoding="UTF-8" ?>
<adf-settings xmlns="http://xmlns.oracle.com/adf/settings">
  <adf-faces-config xmlns="http://xmlns.oracle.com/adf/faces/settings">
    <help-provider prefix="APP_HELP_">
      <help-provider-class>oracle.adf.view.rich.help.ResourceBundleHelpProvider</help-provider-class>
      <property>
        <property-name>baseName</property-name>
        <value>tuhra.view.resources.ViewControllerBundleHelp_EL</value>
      </property>
    </help-provider>
  </adf-faces-config>
</adf-settings>