<?xml version="1.0" encoding="UTF-8" ?>
<!DOCTYPE Association SYSTEM "jbo_03_01.dtd">
<!---->
<Association
  xmlns="http://xmlns.oracle.com/bc4j"
  Name="JhistJobFkAssoc"
  Version="11.1.1.55.36">
  <DesignTime>
    <Attr Name="_isCodegen" Value="true"/>
  </DesignTime>
  <AssociationEnd
    Name="Jobs"
    Cardinality="1"
    Source="true"
    Owner="tuhra.model.entities.Jobs">
    <DesignTime>
      <Attr Name="_aggregation" Value="0"/>
      <Attr Name="_finderName" Value="Jobs"/>
      <Attr Name="_foreignKey" Value="tuhra.model.entities.Jobs.JobIdPk"/>
      <Attr Name="_isUpdateable" Value="true"/>
      <Attr Name="_minCardinality" Value="1"/>
    </DesignTime>
    <AttrArray Name="Attributes">
      <Item Value="tuhra.model.entities.Jobs.JobId"/>
    </AttrArray>
  </AssociationEnd>
  <AssociationEnd
    Name="JobHistory"
    Cardinality="-1"
    Owner="tuhra.model.entities.JobHistory">
    <DesignTime>
      <Attr Name="_aggregation" Value="0"/>
      <Attr Name="_finderName" Value="JobHistory"/>
      <Attr Name="_foreignKey"
        Value="tuhra.model.entities.JobHistory.JhistJobFk"/>
      <Attr Name="_isUpdateable" Value="true"/>
    </DesignTime>
    <AttrArray Name="Attributes">
      <Item Value="tuhra.model.entities.JobHistory.JobId"/>
    </AttrArray>
  </AssociationEnd>
</Association>
