<?xml version="1.0" encoding="UTF-8" ?>
<adfc-config xmlns="http://xmlns.oracle.com/adf/controller" version="1.2">
  <view id="employeeSearch">
    <page>/employeeSearch.jspx</page>
  </view>
  <view id="employeeEdit">
    <page>/employeeEdit.jspx</page>
  </view>
  <task-flow-call id="management-flow">
    <task-flow-reference>
      <document>/WEB-INF/management-flow.xml</document>
      <id>management-flow</id>
    </task-flow-reference>
  </task-flow-call>
  <control-flow-rule id="__16">
    <from-activity-id id="__17">*</from-activity-id>
    <control-flow-case id="__19">
      <from-outcome id="__20">search</from-outcome>
      <to-activity-id id="__18">employeeSearch</to-activity-id>
    </control-flow-case>
    <control-flow-case id="__22">
      <from-outcome id="__23">maintain</from-outcome>
      <to-activity-id id="__21">management-flow</to-activity-id>
    </control-flow-case>
  </control-flow-rule>
  <control-flow-rule id="__26">
    <from-activity-id id="__27">employeeSearch</from-activity-id>
    <control-flow-case id="__28">
      <from-outcome id="__30">edit</from-outcome>
      <to-activity-id id="__29">employeeEdit</to-activity-id>
    </control-flow-case>
  </control-flow-rule>
  <managed-bean id="__1">
    <managed-bean-name id="__3">searchScreenBB</managed-bean-name>
    <managed-bean-class id="__4">tuhra.view.backing.SearchScreenBean</managed-bean-class>
    <managed-bean-scope id="__2">backingBean</managed-bean-scope>
    <managed-property id="__10">
      <property-name id="__11">uiManager</property-name>
      <property-class>tuhra.view.UIManager</property-class>
      <value id="__9">#{uiState}</value>
    </managed-property>
  </managed-bean>
  <managed-bean id="__8">
    <managed-bean-name id="__5">uiState</managed-bean-name>
    <managed-bean-class id="__7">tuhra.view.UIManager</managed-bean-class>
    <managed-bean-scope id="__6">session</managed-bean-scope>
  </managed-bean>
  <managed-bean id="__13">
    <managed-bean-name id="__15">imageUploadBB</managed-bean-name>
    <managed-bean-class id="__14">tuhra.view.backing.ImageUploadBean</managed-bean-class>
    <managed-bean-scope id="__12">pageFlow</managed-bean-scope>
  </managed-bean>
  <managed-bean id="__24">
    <managed-bean-name id="__31">login</managed-bean-name>
    <managed-bean-class id="__25">tuhra.controller.LoginHandler</managed-bean-class>
    <managed-bean-scope id="__32">request</managed-bean-scope>
  </managed-bean>
</adfc-config>
