<?xml version="1.0" encoding="UTF-8"?>
<faces-config version="2.0" xmlns="http://java.sun.com/xml/ns/javaee">
  <application>
    <default-render-kit-id>oracle.adf.rich</default-render-kit-id>
    <resource-bundle>
      <base-name>tuhra.view.resources.ViewControllerBundle_EL</base-name>
      <var>vcb</var>
    </resource-bundle>
  </application>
  <converter>
    <converter-for-class>oracle.jbo.domain.ClobDomain</converter-for-class>
    <converter-class>tuhra.view.converter.ClobConverter</converter-class>
  </converter>
</faces-config>