<?xml version="1.0" encoding="UTF-8" ?>
<adfc-config xmlns="http://xmlns.oracle.com/adf/controller" version="1.2">
  <task-flow-definition id="management-flow">
    <default-activity id="__1">management</default-activity>
    <view id="management">
      <page>/management.jspx</page>
    </view>
    <task-flow-return id="returnToSearch">
      <outcome id="__2">
        <name>search</name>
      </outcome>
    </task-flow-return>
    <control-flow-rule id="__3">
      <from-activity-id id="__4">management</from-activity-id>
      <control-flow-case id="__5">
        <from-outcome id="__7">search</from-outcome>
        <to-activity-id id="__6">returnToSearch</to-activity-id>
      </control-flow-case>
    </control-flow-rule>
  </task-flow-definition>
</adfc-config>
