<?xml version="1.0" encoding="UTF-8" ?>
<adfc-config xmlns="http://xmlns.oracle.com/adf/controller" version="1.2">
  <task-flow-definition id="searchEmployees-flow">
    <default-activity id="__1">searchUI</default-activity>
    <view id="searchUI">
      <page>/fragments/searchUI.jsff</page>
    </view>
    <parent-action id="parentEdit">
      <parent-outcome>edit</parent-outcome>
    </parent-action>
    <control-flow-rule id="__2">
      <from-activity-id id="__3">searchUI</from-activity-id>
      <control-flow-case id="__4">
        <from-outcome id="__6">edit</from-outcome>
        <to-activity-id id="__5">parentEdit</to-activity-id>
      </control-flow-case>
    </control-flow-rule>
    <use-page-fragments/>
  </task-flow-definition>
</adfc-config>
